DROP TABLE IF EXISTS linkCatPost;

CREATE TABLE `linkCatPost` (
  `Cat_ID` int(11) DEFAULT NULL,
  `Post_ID` int(11) DEFAULT NULL
) ENGINE=InnoDB DEFAULT CHARSET=utf8;

INSERT INTO linkCatPost VALUES("1","1");
INSERT INTO linkCatPost VALUES("1","6");
INSERT INTO linkCatPost VALUES("10","34");
INSERT INTO linkCatPost VALUES("9","34");
INSERT INTO linkCatPost VALUES("1","34");
INSERT INTO linkCatPost VALUES("9","36");
INSERT INTO linkCatPost VALUES("1","36");



DROP TABLE IF EXISTS tCategory;

CREATE TABLE `tCategory` (
  `Cat_ID` int(11) NOT NULL AUTO_INCREMENT,
  `Cat_Slug` varchar(255) NOT NULL,
  `Cat_Name` varchar(100) NOT NULL,
  PRIMARY KEY (`Cat_ID`),
  UNIQUE KEY `Cat_Slug` (`Cat_Slug`)
) ENGINE=InnoDB AUTO_INCREMENT=12 DEFAULT CHARSET=utf8;

INSERT INTO tCategory VALUES("1","news","News");
INSERT INTO tCategory VALUES("9","reseau","Réseau");
INSERT INTO tCategory VALUES("10","developpement","Développement");



DROP TABLE IF EXISTS tComment;

CREATE TABLE `tComment` (
  `Com_ID` int(11) NOT NULL AUTO_INCREMENT,
  `Com_Content` text NOT NULL,
  `Com_Date` timestamp NOT NULL,
  `Post_ID` int(11) NOT NULL,
  `User_ID` int(11) NOT NULL,
  `Com_Date_Edit` timestamp NULL DEFAULT NULL,
  `User_ID_Edit` int(11) DEFAULT NULL,
  PRIMARY KEY (`Com_ID`)
) ENGINE=InnoDB AUTO_INCREMENT=35 DEFAULT CHARSET=utf8;

INSERT INTO tComment VALUES("2","Lorem ipsum dolor sit amet, consectetur adipiscing elit. Vivamus vitae tincidunt nunc, quis maximus orci. Morbi porta lobortis dolor, at iaculis enim. Mauris ut convallis urna, vel lacinia tellus. Nullam interdum arcu sit amet erat scelerisque, quis lacinia diam commodo. Fusce volutpat cursus augue, vel aliquam ligula elementum ut. Vestibulum ante ipsum primis in faucibus orci luctus et ultrices posuere cubilia Curae; Aenean quis leo ut dolor luctus mollis.\n\nFusce volutpat tellus nec purus vestibulum, at dictum nunc tristique. Duis ac magna efficitur, accumsan nunc sit amet, pharetra nunc. Donec sodales ut sem in sagittis. Nulla rhoncus mauris vitae justo rhoncus, ac maximus nibh molestie. Duis ac egestas ante, id vestibulum magna. Aenean et facilisis sem. Nam blandit tincidunt dapibus.\n\nInteger vel metus sollicitudin urna malesuada aliquam. Quisque fringilla dolor a tortor consectetur, sed aliquet turpis venenatis. Mauris imperdiet nunc at porta eleifend. Etiam sodales viverra diam, vel porta felis venenatis eu. Nam iaculis, tellus non lacinia facilisis, lacus nisl consectetur metus, vel blandit sem nisl nec dui. Aliquam aliquet finibus eleifend. Etiam vulputate tempor fermentum.\n\nSed nec tristique eros, vel pharetra lectus. Aenean tincidunt nec lorem interdum volutpat. Sed non risus eu metus eleifend tempor nec at ex. Mauris ac urna molestie dui pharetra tincidunt. Maecenas ac tempus enim. Nunc lacinia ante at odio suscipit, et viverra leo finibus. Praesent sit amet justo nec orci pellentesque pulvinar. Quisque in leo eu neque scelerisque rutrum. Pellentesque habitant morbi tristique senectus et netus et malesuada fames ac turpis egestas. Maecenas ultrices elit id fermentum scelerisque. Duis non rutrum nisi, id dictum mauris. Morbi consectetur vehicula fermentum.\n\nPraesent in diam lacus. Mauris consequat ipsum non augue ornare porttitor. Ut tempor, augue eget fringilla pharetra, mauris mi viverra velit, ut tempor leo arcu sit amet libero. Aenean dignissim, ligula quis dignissim elementum, odio mi consectetur diam, facilisis mollis ex massa eu quam. Fusce dolor dolor, suscipit non gravida quis, consequat quis augue. Sed vulputate lacus dolor, ut gravida ligula posuere ac. Nulla facilisi. Nam id suscipit enim. Proin luctus elementum urna, tincidunt vulputate nisl sollicitudin non. Cras neque libero, ullamcorper et dolor nec, semper sagittis justo. Fusce et nisi sit amet nulla mattis eleifend eget ut mauris. Morbi sed lacus metus. Cras placerat, lacus ac accumsan volutpat, justo sapien congue neque, eu commodo mauris lacus in nisl. Duis venenatis placerat sodales. Nunc vel pharetra est.\n","2016-04-28 12:18:45","1","1","0000-00-00 00:00:00","0");
INSERT INTO tComment VALUES("19","Lorem ipsum dolor sit amet, consectetur adipiscing elit. Phasellus libero purus, maximus eu mi sit amet, tincidunt aliquam magna. Mauris scelerisque justo auctor nulla bibendum placerat. Nullam accumsan tortor non lacinia ornare. Mauris id tellus sodales, bibendum nulla eget, rutrum augue. Nam aliquet mollis tortor eget iaculis. Duis quis eleifend mi, vel elementum ipsum. Fusce vel massa erat. Proin vitae condimentum sapien, quis maximus risus. Duis varius tempus massa, a suscipit turpis luctus ut. Etiam sit amet eros facilisis, consequat ex sed, vehicula ex. Aliquam vitae elit vel ipsum euismod lacinia.\n\nNunc feugiat mattis mauris eget convallis. Quisque a pharetra leo, ac faucibus metus. Mauris sodales, mauris in pulvinar tincidunt, felis elit aliquam erat, tempus ultricies nulla ante non velit. Aliquam viverra ligula mollis, pretium lacus in, viverra turpis. In vulputate lacus quis interdum bibendum. Fusce scelerisque risus quis gravida scelerisque. Morbi sit amet pellentesque mauris, at finibus odio. Quisque finibus et lectus et venenatis. Ut sodales turpis sit amet bibendum luctus. Phasellus sed nisi placerat, luctus dolor quis, lacinia nisi. Maecenas pulvinar dolor et nunc vulputate ornare.\n\nPellentesque ligula mi, tristique sit amet orci ac, sollicitudin lacinia massa. Lorem ipsum dolor sit amet, consectetur adipiscing elit. Maecenas pulvinar lacus id nunc ultricies porttitor. Donec tortor sem, accumsan porttitor finibus euismod, pretium sit amet nisl. In convallis erat vitae congue mattis. Vivamus non lectus bibendum, convallis nibh a, fermentum ipsum. Vivamus quis justo lacus. Praesent eu justo ipsum.","2016-05-09 11:44:58","1","1","0000-00-00 00:00:00","0");
INSERT INTO tComment VALUES("20","Lorem ipsum dolor sit amet, consectetur adipiscing elit. Phasellus libero purus, maximus eu mi sit amet, tincidunt aliquam magna. Mauris scelerisque justo auctor nulla bibendum placerat. Nullam accumsan tortor non lacinia ornare. Mauris id tellus sodales, bibendum nulla eget, rutrum augue. Nam aliquet mollis tortor eget iaculis. Duis quis eleifend mi, vel elementum ipsum. Fusce vel massa erat. Proin vitae condimentum sapien, quis maximus risus. Duis varius tempus massa, a suscipit turpis luctus ut. Etiam sit amet eros facilisis, consequat ex sed, vehicula ex. Aliquam vitae elit vel ipsum euismod lacinia.\n\nNunc feugiat mattis mauris eget convallis. Quisque a pharetra leo, ac faucibus metus. Mauris sodales, mauris in pulvinar tincidunt, felis elit aliquam erat, tempus ultricies nulla ante non velit. Aliquam viverra ligula mollis, pretium lacus in, viverra turpis. In vulputate lacus quis interdum bibendum. Fusce scelerisque risus quis gravida scelerisque. Morbi sit amet pellentesque mauris, at finibus odio. Quisque finibus et lectus et venenatis. Ut sodales turpis sit amet bibendum luctus. Phasellus sed nisi placerat, luctus dolor quis, lacinia nisi. Maecenas pulvinar dolor et nunc vulputate ornare.\n\nPellentesque ligula mi, tristique sit amet orci ac, sollicitudin lacinia massa. Lorem ipsum dolor sit amet, consectetur adipiscing elit. Maecenas pulvinar lacus id nunc ultricies porttitor. Donec tortor sem, accumsan porttitor finibus euismod, pretium sit amet nisl. In convallis erat vitae congue mattis. Vivamus non lectus bibendum, convallis nibh a, fermentum ipsum. Vivamus quis justo lacus. Praesent eu justo ipsum.","2016-05-09 11:46:53","1","2","0000-00-00 00:00:00","0");
INSERT INTO tComment VALUES("21","Lorem ipsum dolor sit amet, consectetur adipiscing elit. Phasellus libero purus, maximus eu mi sit amet, tincidunt aliquam magna. Mauris scelerisque justo auctor nulla bibendum placerat. Nullam accumsan tortor non lacinia ornare. Mauris id tellus sodales, bibendum nulla eget, rutrum augue. Nam aliquet mollis tortor eget iaculis. Duis quis eleifend mi, vel elementum ipsum. Fusce vel massa erat. Proin vitae condimentum sapien, quis maximus risus. Duis varius tempus massa, a suscipit turpis luctus ut. Etiam sit amet eros facilisis, consequat ex sed, vehicula ex. Aliquam vitae elit vel ipsum euismod lacinia.","2016-05-09 11:45:07","1","1","0000-00-00 00:00:00","0");
INSERT INTO tComment VALUES("22","Lorem ipsum dolor sit amet, consectetur adipiscing elit. Phasellus libero purus, maximus eu mi sit amet, tincidunt aliquam magna. Mauris scelerisque justo auctor nulla bibendum placerat. Nullam accumsan tortor non lacinia ornare. Mauris id tellus sodales, bibendum nulla eget, rutrum augue. Nam aliquet mollis tortor eget iaculis. Duis quis eleifend mi, vel elementum ipsum. Fusce vel massa erat. Proin vitae condimentum sapien, quis maximus risus. Duis varius tempus massa, a suscipit turpis luctus ut. Etiam sit amet eros facilisis, consequat ex sed, vehicula ex. Aliquam vitae elit vel ipsum euismod lacinia.\n\nNunc feugiat mattis mauris eget convallis. Quisque a pharetra leo, ac faucibus metus. Mauris sodales, mauris in pulvinar tincidunt, felis elit aliquam erat, tempus ultricies nulla ante non velit. Aliquam viverra ligula mollis, pretium lacus in, viverra turpis. In vulputate lacus quis interdum bibendum. Fusce scelerisque risus quis gravida scelerisque. Morbi sit amet pellentesque mauris, at finibus odio. Quisque finibus et lectus et venenatis. Ut sodales turpis sit amet bibendum luctus. Phasellus sed nisi placerat, luctus dolor quis, lacinia nisi. Maecenas pulvinar dolor et nunc vulputate ornare.\n\nPellentesque ligula mi, tristique sit amet orci ac, sollicitudin lacinia massa. Lorem ipsum dolor sit amet, consectetur adipiscing elit. Maecenas pulvinar lacus id nunc ultricies porttitor. Donec tortor sem, accumsan porttitor finibus euismod, pretium sit amet nisl. In convallis erat vitae congue mattis. Vivamus non lectus bibendum, convallis nibh a, fermentum ipsum. Vivamus quis justo lacus. Praesent eu justo ipsum.\n\nQuisque tristique sem commodo, dictum lorem ut, pulvinar nulla. Nunc blandit egestas ipsum, non vestibulum risus gravida ac. Pellentesque vulputate in neque eget interdum. Suspendisse ac magna vel arcu commodo vestibulum. In a enim imperdiet, vulputate est quis, tempus ligula. Aenean malesuada lorem et nulla posuere porttitor. Proin euismod blandit metus, at iaculis diam vehicula in. Duis ex augue, ultricies eu sagittis sit amet, tincidunt eu urna. Sed non cursus nisl. Vestibulum ante ipsum primis in faucibus orci luctus et ultrices posuere cubilia Curae; Vestibulum varius gravida nulla et aliquam. Praesent tincidunt purus quam, sed convallis magna finibus non. Proin viverra enim ac feugiat blandit. Proin quis ullamcorper erat. Suspendisse hendrerit nec elit et tincidunt.","2016-05-09 11:47:20","1","2","2016-05-09 11:45:30","2");
INSERT INTO tComment VALUES("23","Lorem ipsum dolor sit amet, consectetur adipiscing elit. Phasellus libero purus, maximus eu mi sit amet, tincidunt aliquam magna. Mauris scelerisque justo auctor nulla bibendum placerat. Nullam accumsan tortor non lacinia ornare. Mauris id tellus sodales, bibendum nulla eget, rutrum augue. Nam aliquet mollis tortor eget iaculis. Duis quis eleifend mi, vel elementum ipsum. Fusce vel massa erat. Proin vitae condimentum sapien, quis maximus risus. Duis varius tempus massa, a suscipit turpis luctus ut. Etiam sit amet eros facilisis, consequat ex sed, vehicula ex. Aliquam vitae elit vel ipsum euismod lacinia.","2016-05-09 11:45:14","1","1","0000-00-00 00:00:00","0");
INSERT INTO tComment VALUES("24","Lorem ipsum dolor sit amet, consectetur adipiscing elit. Phasellus libero purus, maximus eu mi sit amet, tincidunt aliquam magna. Mauris scelerisque justo auctor nulla bibendum placerat. Nullam accumsan tortor non lacinia ornare. Mauris id tellus sodales, bibendum nulla eget, rutrum augue. Nam aliquet mollis tortor eget iaculis. Duis quis eleifend mi, vel elementum ipsum. Fusce vel massa erat. Proin vitae condimentum sapien, quis maximus risus. Duis varius tempus massa, a suscipit turpis luctus ut. Etiam sit amet eros facilisis, consequat ex sed, vehicula ex. Aliquam vitae elit vel ipsum euismod lacinia.","2016-05-09 11:47:06","1","2","0000-00-00 00:00:00","0");
INSERT INTO tComment VALUES("25","Lorem ipsum dolor sit amet, consectetur adipiscing elit. Phasellus libero purus, maximus eu mi sit amet, tincidunt aliquam magna. Mauris scelerisque justo auctor nulla bibendum placerat. Nullam accumsan tortor non lacinia ornare. Mauris id tellus sodales, bibendum nulla eget, rutrum augue. Nam aliquet mollis tortor eget iaculis. Duis quis eleifend mi, vel elementum ipsum. Fusce vel massa erat. Proin vitae condimentum sapien, quis maximus risus. Duis varius tempus massa, a suscipit turpis luctus ut. Etiam sit amet eros facilisis, consequat ex sed, vehicula ex. Aliquam vitae elit vel ipsum euismod lacinia.","2016-05-09 11:46:53","1","1","0000-00-00 00:00:00","0");
INSERT INTO tComment VALUES("26","\nLorem ipsum dolor sit amet, consectetur adipiscing elit. Phasellus libero purus, maximus eu mi sit amet, tincidunt aliquam magna. Mauris scelerisque justo auctor nulla bibendum placerat. Nullam accumsan tortor non lacinia ornare. Mauris id tellus sodales, bibendum nulla eget, rutrum augue. Nam aliquet mollis tortor eget iaculis. Duis quis eleifend mi, vel elementum ipsum. Fusce vel massa erat. Proin vitae condimentum sapien, quis maximus risus. Duis varius tempus massa, a suscipit turpis luctus ut. Etiam sit amet eros facilisis, consequat ex sed, vehicula ex. Aliquam vitae elit vel ipsum euismod lacinia.","2016-05-09 11:46:53","34","1","0000-00-00 00:00:00","0");
INSERT INTO tComment VALUES("27","\nLorem ipsum dolor sit amet, consectetur adipiscing elit. Phasellus libero purus, maximus eu mi sit amet, tincidunt aliquam magna. Mauris scelerisque justo auctor nulla bibendum placerat. Nullam accumsan tortor non lacinia ornare. Mauris id tellus sodales, bibendum nulla eget, rutrum augue. Nam aliquet mollis tortor eget iaculis. Duis quis eleifend mi, vel elementum ipsum. Fusce vel massa erat. Proin vitae condimentum sapien, quis maximus risus. Duis varius tempus massa, a suscipit turpis luctus ut. Etiam sit amet eros facilisis, consequat ex sed, vehicula ex. Aliquam vitae elit vel ipsum euismod lacinia.","2016-05-09 11:46:53","34","1","0000-00-00 00:00:00","0");
INSERT INTO tComment VALUES("28","\nLorem ipsum dolor sit amet, consectetur adipiscing elit. Phasellus libero purus, maximus eu mi sit amet, tincidunt aliquam magna. Mauris scelerisque justo auctor nulla bibendum placerat. Nullam accumsan tortor non lacinia ornare. Mauris id tellus sodales, bibendum nulla eget, rutrum augue. Nam aliquet mollis tortor eget iaculis. Duis quis eleifend mi, vel elementum ipsum. Fusce vel massa erat. Proin vitae condimentum sapien, quis maximus risus. Duis varius tempus massa, a suscipit turpis luctus ut. Etiam sit amet eros facilisis, consequat ex sed, vehicula ex. Aliquam vitae elit vel ipsum euismod lacinia.","2016-05-09 11:45:55","34","1","0000-00-00 00:00:00","0");
INSERT INTO tComment VALUES("29","\nLorem ipsum dolor sit amet, consectetur adipiscing elit. Phasellus libero purus, maximus eu mi sit amet, tincidunt aliquam magna. Mauris scelerisque justo auctor nulla bibendum placerat. Nullam accumsan tortor non lacinia ornare. Mauris id tellus sodales, bibendum nulla eget, rutrum augue. Nam aliquet mollis tortor eget iaculis. Duis quis eleifend mi, vel elementum ipsum. Fusce vel massa erat. Proin vitae condimentum sapien, quis maximus risus. Duis varius tempus massa, a suscipit turpis luctus ut. Etiam sit amet eros facilisis, consequat ex sed, vehicula ex. Aliquam vitae elit vel ipsum euismod lacinia.","2016-05-09 11:47:10","34","2","0000-00-00 00:00:00","0");
INSERT INTO tComment VALUES("30","\nLorem ipsum dolor sit amet, consectetur adipiscing elit. Phasellus libero purus, maximus eu mi sit amet, tincidunt aliquam magna. Mauris scelerisque justo auctor nulla bibendum placerat. Nullam accumsan tortor non lacinia ornare. Mauris id tellus sodales, bibendum nulla eget, rutrum augue. Nam aliquet mollis tortor eget iaculis. Duis quis eleifend mi, vel elementum ipsum. Fusce vel massa erat. Proin vitae condimentum sapien, quis maximus risus. Duis varius tempus massa, a suscipit turpis luctus ut. Etiam sit amet eros facilisis, consequat ex sed, vehicula ex. Aliquam vitae elit vel ipsum euismod lacinia.","2016-05-09 11:46:53","34","1","0000-00-00 00:00:00","0");
INSERT INTO tComment VALUES("34","[b]Test du script BBCode[/b]\n[i]Texte en italique[/i]\n[s]Texte barré[/s]\n[url=http://odevillers.esy.es]Mon lien[/url]","2016-05-09 15:23:14","36","1","2016-05-09 16:07:04","1");



DROP TABLE IF EXISTS tPost;

CREATE TABLE `tPost` (
  `Post_ID` int(11) NOT NULL AUTO_INCREMENT,
  `Post_Name` varchar(100) NOT NULL,
  `Post_Content` text NOT NULL,
  `Post_Date` timestamp NOT NULL,
  `Post_Slug` varchar(255) NOT NULL,
  `User_ID` int(11) NOT NULL,
  `User_ID_Edit` int(11) DEFAULT NULL,
  `Post_Date_Edit` timestamp NULL DEFAULT NULL,
  PRIMARY KEY (`Post_ID`),
  UNIQUE KEY `Post_Slug` (`Post_Slug`)
) ENGINE=InnoDB AUTO_INCREMENT=37 DEFAULT CHARSET=utf8;

INSERT INTO tPost VALUES("1","Lorem ipsum dolor sit amet, consectetur.","[b]Lorem ipsum dolor sit amet, consectetur adipiscing elit. Vivamus vitae tincidunt nunc, quis maximus orci. Morbi porta lobortis dolor, at iaculis enim. Mauris ut convallis urna, vel lacinia tellus. Nullam interdum arcu sit amet erat scelerisque, quis lacinia diam commodo. Fusce volutpat cursus augue, vel aliquam ligula elementum ut. Vestibulum ante ipsum primis in faucibus orci luctus et ultrices posuere cubilia Curae; Aenean quis leo ut dolor luctus mollis.[/b]\n\n[i]Fusce volutpat tellus nec purus vestibulum, at dictum nunc tristique. Duis ac magna efficitur, accumsan nunc sit amet, pharetra nunc. Donec sodales ut sem in sagittis. Nulla rhoncus mauris vitae justo rhoncus, ac maximus nibh molestie. Duis ac egestas ante, id vestibulum magna. Aenean et facilisis sem. Nam blandit tincidunt dapibus.[/i]\n\n[quote=User02]Integer vel metus sollicitudin urna malesuada aliquam. Quisque fringilla dolor a tortor consectetur, sed aliquet turpis venenatis. Mauris imperdiet nunc at porta eleifend. Etiam sodales viverra diam, vel porta felis venenatis eu. Nam iaculis, tellus non lacinia facilisis, lacus nisl consectetur metus, vel blandit sem nisl nec dui. Aliquam aliquet finibus eleifend. Etiam vulputate tempor fermentum.[/quote]\n\n[code]Sed nec tristique eros, vel pharetra lectus. Aenean tincidunt nec lorem interdum volutpat. Sed non risus eu metus eleifend tempor nec at ex. Mauris ac urna molestie dui pharetra tincidunt. Maecenas ac tempus enim. Nunc lacinia ante at odio suscipit, et viverra leo finibus. Praesent sit amet justo nec orci pellentesque pulvinar. Quisque in leo eu neque scelerisque rutrum. Pellentesque habitant morbi tristique senectus et netus et malesuada fames ac turpis egestas. Maecenas ultrices elit id fermentum scelerisque. Duis non rutrum nisi, id dictum mauris. Morbi consectetur vehicula fermentum.[/code]\n\n[s]Praesent in diam lacus. Mauris consequat ipsum non augue ornare porttitor. Ut tempor, augue eget fringilla pharetra, mauris mi viverra velit, ut tempor leo arcu sit amet libero. Aenean dignissim, ligula quis dignissim elementum, odio mi consectetur diam, facilisis mollis ex massa eu quam. Fusce dolor dolor, suscipit non gravida quis, consequat quis augue. Sed vulputate lacus dolor, ut gravida ligula posuere ac. Nulla facilisi. Nam id suscipit enim. Proin luctus elementum urna, tincidunt vulputate nisl sollicitudin non. Cras neque libero, ullamcorper et dolor nec, semper sagittis justo. Fusce et nisi sit amet nulla mattis eleifend eget ut mauris. Morbi sed lacus metus. Cras placerat, lacus ac accumsan volutpat, justo sapien congue neque, eu commodo mauris lacus in nisl. Duis venenatis placerat sodales. Nunc vel pharetra est.[/s]\n\n[color][/color]","2016-05-09 16:40:11","lorem_ipsum_dolor_sit_amet_consectetur","1","1","2016-05-09 11:34:46");
INSERT INTO tPost VALUES("34","Lorem ipsum dolor sit amet","Lorem ipsum dolor sit amet, consectetur adipiscing elit. Phasellus libero purus, maximus eu mi sit amet, tincidunt aliquam magna. Mauris scelerisque justo auctor nulla bibendum placerat. Nullam accumsan tortor non lacinia ornare. Mauris id tellus sodales, bibendum nulla eget, rutrum augue. Nam aliquet mollis tortor eget iaculis. Duis quis eleifend mi, vel elementum ipsum. Fusce vel massa erat. Proin vitae condimentum sapien, quis maximus risus. Duis varius tempus massa, a suscipit turpis luctus ut. Etiam sit amet eros facilisis, consequat ex sed, vehicula ex. Aliquam vitae elit vel ipsum euismod lacinia.\n\nNunc feugiat mattis mauris eget convallis. Quisque a pharetra leo, ac faucibus metus. Mauris sodales, mauris in pulvinar tincidunt, felis elit aliquam erat, tempus ultricies nulla ante non velit. Aliquam viverra ligula mollis, pretium lacus in, viverra turpis. In vulputate lacus quis interdum bibendum. Fusce scelerisque risus quis gravida scelerisque. Morbi sit amet pellentesque mauris, at finibus odio. Quisque finibus et lectus et venenatis. Ut sodales turpis sit amet bibendum luctus. Phasellus sed nisi placerat, luctus dolor quis, lacinia nisi. Maecenas pulvinar dolor et nunc vulputate ornare.\n\nPellentesque ligula mi, tristique sit amet orci ac, sollicitudin lacinia massa. Lorem ipsum dolor sit amet, consectetur adipiscing elit. Maecenas pulvinar lacus id nunc ultricies porttitor. Donec tortor sem, accumsan porttitor finibus euismod, pretium sit amet nisl. In convallis erat vitae congue mattis. Vivamus non lectus bibendum, convallis nibh a, fermentum ipsum. Vivamus quis justo lacus. Praesent eu justo ipsum.\n\nQuisque tristique sem commodo, dictum lorem ut, pulvinar nulla. Nunc blandit egestas ipsum, non vestibulum risus gravida ac. Pellentesque vulputate in neque eget interdum. Suspendisse ac magna vel arcu commodo vestibulum. In a enim imperdiet, vulputate est quis, tempus ligula. Aenean malesuada lorem et nulla posuere porttitor. Proin euismod blandit metus, at iaculis diam vehicula in. Duis ex augue, ultricies eu sagittis sit amet, tincidunt eu urna. Sed non cursus nisl. Vestibulum ante ipsum primis in faucibus orci luctus et ultrices posuere cubilia Curae; Vestibulum varius gravida nulla et aliquam. Praesent tincidunt purus quam, sed convallis magna finibus non. Proin viverra enim ac feugiat blandit. Proin quis ullamcorper erat. Suspendisse hendrerit nec elit et tincidunt.\n\nNulla at varius mi, eget venenatis dui. Fusce facilisis pharetra urna, vitae faucibus metus maximus eget. Class aptent taciti sociosqu ad litora torquent per conubia nostra, per inceptos himenaeos. Nullam rutrum pharetra urna a eleifend. Nulla eu turpis ornare, commodo tellus interdum, accumsan lectus. Nam sodales sit amet ipsum ut pulvinar. Proin sagittis fermentum justo, eget semper mauris. Praesent dapibus turpis facilisis, interdum libero id, luctus lectus. Aliquam ut enim urna. Sed ac elit vel dolor laoreet tincidunt vel sit amet felis. Donec in lacus vitae diam mattis fringilla.\n\nNulla in mi sed odio imperdiet pellentesque. Integer ac ex eget lorem convallis suscipit. Curabitur vel odio nec velit facilisis varius sit amet sed mi. Donec sodales eros sed justo mattis vulputate. Morbi at mauris vitae elit cursus congue. Sed tortor mauris, cursus vitae lobortis in, placerat eleifend tellus. Suspendisse fringilla placerat purus et fermentum. Ut lacus lectus, congue sit amet pretium vel, imperdiet eu sem.","2016-05-09 11:39:55","lorem_ipsum_dolor_sit_amet","1","0","0000-00-00 00:00:00");
INSERT INTO tPost VALUES("36","Lorem ipsum dolor sit","Lorem ipsum dolor sit amet, consectetur adipiscing elit. Phasellus libero purus, maximus eu mi sit amet, tincidunt aliquam magna. Mauris scelerisque justo auctor nulla bibendum placerat. Nullam accumsan tortor non lacinia ornare. Mauris id tellus sodales, bibendum nulla eget, rutrum augue. Nam aliquet mollis tortor eget iaculis. Duis quis eleifend mi, vel elementum ipsum. Fusce vel massa erat. Proin vitae condimentum sapien, quis maximus risus. Duis varius tempus massa, a suscipit turpis luctus ut. Etiam sit amet eros facilisis, consequat ex sed, vehicula ex. Aliquam vitae elit vel ipsum euismod lacinia.\n\nNunc feugiat mattis mauris eget convallis. Quisque a pharetra leo, ac faucibus metus. Mauris sodales, mauris in pulvinar tincidunt, felis elit aliquam erat, tempus ultricies nulla ante non velit. Aliquam viverra ligula mollis, pretium lacus in, viverra turpis. In vulputate lacus quis interdum bibendum. Fusce scelerisque risus quis gravida scelerisque. Morbi sit amet pellentesque mauris, at finibus odio. Quisque finibus et lectus et venenatis. Ut sodales turpis sit amet bibendum luctus. Phasellus sed nisi placerat, luctus dolor quis, lacinia nisi. Maecenas pulvinar dolor et nunc vulputate ornare.\n\nPellentesque ligula mi, tristique sit amet orci ac, sollicitudin lacinia massa. Lorem ipsum dolor sit amet, consectetur adipiscing elit. Maecenas pulvinar lacus id nunc ultricies porttitor. Donec tortor sem, accumsan porttitor finibus euismod, pretium sit amet nisl. In convallis erat vitae congue mattis. Vivamus non lectus bibendum, convallis nibh a, fermentum ipsum. Vivamus quis justo lacus. Praesent eu justo ipsum.\n\nQuisque tristique sem commodo, dictum lorem ut, pulvinar nulla. Nunc blandit egestas ipsum, non vestibulum risus gravida ac. Pellentesque vulputate in neque eget interdum. Suspendisse ac magna vel arcu commodo vestibulum. In a enim imperdiet, vulputate est quis, tempus ligula. Aenean malesuada lorem et nulla posuere porttitor. Proin euismod blandit metus, at iaculis diam vehicula in. Duis ex augue, ultricies eu sagittis sit amet, tincidunt eu urna. Sed non cursus nisl. Vestibulum ante ipsum primis in faucibus orci luctus et ultrices posuere cubilia Curae; Vestibulum varius gravida nulla et aliquam. Praesent tincidunt purus quam, sed convallis magna finibus non. Proin viverra enim ac feugiat blandit. Proin quis ullamcorper erat. Suspendisse hendrerit nec elit et tincidunt.\n\nNulla at varius mi, eget venenatis dui. Fusce facilisis pharetra urna, vitae faucibus metus maximus eget. Class aptent taciti sociosqu ad litora torquent per conubia nostra, per inceptos himenaeos. Nullam rutrum pharetra urna a eleifend. Nulla eu turpis ornare, commodo tellus interdum, accumsan lectus. Nam sodales sit amet ipsum ut pulvinar. Proin sagittis fermentum justo, eget semper mauris. Praesent dapibus turpis facilisis, interdum libero id, luctus lectus. Aliquam ut enim urna. Sed ac elit vel dolor laoreet tincidunt vel sit amet felis. Donec in lacus vitae diam mattis fringilla.\n\nNulla in mi sed odio imperdiet pellentesque. Integer ac ex eget lorem convallis suscipit. Curabitur vel odio nec velit facilisis varius sit amet sed mi. Donec sodales eros sed justo mattis vulputate. Morbi at mauris vitae elit cursus congue. Sed tortor mauris, cursus vitae lobortis in, placerat eleifend tellus. Suspendisse fringilla placerat purus et fermentum. Ut lacus lectus, congue sit amet pretium vel, imperdiet eu sem.","2016-05-09 11:43:14","lorem_ipsum_dolor_sit","1","0","0000-00-00 00:00:00");



DROP TABLE IF EXISTS tRight;

CREATE TABLE `tRight` (
  `Right_ID` int(11) DEFAULT NULL,
  `Right_Name` varchar(100) NOT NULL,
  UNIQUE KEY `Right_ID` (`Right_ID`)
) ENGINE=InnoDB DEFAULT CHARSET=utf8;

INSERT INTO tRight VALUES("1","Membre");
INSERT INTO tRight VALUES("50","Administrateur");



DROP TABLE IF EXISTS tUser;

CREATE TABLE `tUser` (
  `User_ID` int(11) NOT NULL AUTO_INCREMENT,
  `User_Name` varchar(100) NOT NULL,
  `User_Hash` text NOT NULL,
  `User_Right` tinyint(4) NOT NULL,
  PRIMARY KEY (`User_ID`),
  UNIQUE KEY `User_Name` (`User_Name`)
) ENGINE=InnoDB AUTO_INCREMENT=3 DEFAULT CHARSET=utf8;

INSERT INTO tUser VALUES("1","User01","$2y$10$cHrsMFVP96aViI8Swbi7GuvfVymU0NzzwT8d8d3Je1FHSndP5drvS","50");
INSERT INTO tUser VALUES("2","User02","$2y$10$MjaoUmXGAk1.Sobt1xSj/Ox7hkdtEtGgUOlOyxXCnemzCn1ZwH4uu","1");



